1,Robinia McKinless,476-943-7783,3343 Springs Center,F,22
2,Willa Salliere,429-861-7119,16 Annamark Circle,F,10
3,Haven Jorck,823-408-6171,0 Old Shore Trail,M,14
4,Woodrow Cathesyed,180-578-6537,2 Paget Plaza,M,14
5,Libby Ditzel,165-547-0224,2 Forster Junction,F,43
6,Asia Willarton,378-221-0287,85 Sherman Street,F,3
7,Isacco Sheehy,202-982-2419,9516 Westerfield Hill,M,45
8,Abdul Phlippi,165-798-2205,6 Brown Street,M,47
9,Dion Merrigans,968-274-0051,957 Elgar Point,M,25
10,Matilde Barnwill,176-767-3421,0810 Brentwood Place,F,4
11,Hervey Albrighton,206-104-0248,6 Eggendart Pass,M,49
12,Dierdre Gascar,128-687-0372,89340 Schiller Avenue,F,33
13,Marven Seargeant,771-540-3374,5613 Anzinger Point,M,36
14,Loutitia Steer,232-368-1814,98897 Prairieview Road,F,37
15,Sasha Smallman,505-198-2442,8921 Macpherson Place,M,26
16,Estel Pashler,486-863-4751,8 Express Park,F,6
17,Vivie Marzello,682-198-0983,426 Johnson Park,F,41
18,Terrance Ziems,690-442-9454,4 Oakridge Park,M,34
19,Kass Shuker,423-679-6702,1 Rockefeller Street,F,3
20,Thain Petrushka,749-260-8982,403 Coolidge Plaza,M,3
21,Scott Sargison,838-436-6435,21 Novick Circle,M,14
22,Rosie Causer,636-816-3180,1 Haas Park,F,13
23,Zeke Jakeman,646-243-2627,291 American Ash Road,M,34
24,Delphine Cisec,566-541-0387,08184 Merry Trail,F,10
25,Penni Pendered,259-804-2230,399 Maywood Point,F,50
26,Fancy Greenway,147-859-8442,55 Amoth Point,F,38
27,Jody Saura,242-570-0228,9036 Lindbergh Hill,F,2
28,Rutledge Donnison,702-813-2575,13820 Northwestern Hill,M,37
29,Erek Popescu,744-909-3036,90526 Namekagon Alley,M,43
30,Adah Bondesen,320-397-3876,277 Paget Alley,F,48
31,Jennie Buntin,506-392-0302,84 Little Fleur Court,F,12
32,Abbe Hardware,919-729-9253,7 Mallory Trail,M,49
33,Prentice MacIlriach,325-528-6378,47840 Crownhardt Court,M,33
34,Deck Naughton,346-516-4882,7 American Ash Court,M,37
35,Zachary Ronchi,833-539-2176,99184 Merchant Way,M,23
36,Meyer Poytres,897-865-1116,82570 Oak Pass,M,12
37,Benoit Tschirschky,882-637-6610,875 Michigan Court,M,50
38,Parry Coster,781-430-9470,0812 La Follette Center,M,50
39,Gearalt Binden,815-990-2743,1963 Morning Court,M,22
40,Odella Zolini,817-434-5877,970 Bay Place,F,36
41,Grantley Laurenson,687-635-9116,6331 Talisman Hill,M,36
42,Rodrick Harnott,661-983-7814,41 Truax Plaza,M,20
43,Waldemar Skehan,932-679-9186,6 John Wall Plaza,M,7
44,Kane Rouzet,280-215-3992,6560 Maple Hill,M,40
45,Karen Wrist,670-215-5184,88087 Huxley Parkway,F,36
46,Almeda Hansley,165-852-1604,84905 Lillian Plaza,F,15
47,Sindee Ivanikhin,166-528-0260,2 Northview Terrace,F,25
48,Alberik Storry,299-787-1522,18 Bluejay Alley,M,32
49,Goran Muzzall,793-989-6021,41373 Weeping Birch Trail,M,46
50,Brooke O'Connolly,946-606-8157,29 Acker Hill,F,12
51,Neron Asprey,931-205-3156,091 Buhler Trail,M,30
52,Livvie Jime,663-243-4349,50 Grasskamp Drive,F,47
53,Timmy Benian,365-685-9053,1 Dottie Road,M,25
54,Nadean Hirthe,799-139-5809,8789 Gulseth Center,F,44
55,Roslyn Keming,343-831-3756,730 Muir Road,F,37
56,Irina Vassar,268-553-4869,97 Prairieview Road,F,50
57,Brandise Santorini,783-360-7893,15 Graedel Place,F,20
58,Horst Mayoh,875-509-6789,727 Clemons Court,M,10
59,Kiel Collibear,464-596-1217,44 Main Road,M,32
60,Winfred Palphramand,452-585-4033,52984 Darwin Parkway,M,5
61,Flynn Mullin,152-771-0590,61 Anzinger Center,M,25
62,Nial Byk,626-137-0482,98670 Anderson Hill,M,8
63,Angelico Nolleau,187-919-1517,82597 Surrey Alley,M,15
64,Kym Collacombe,387-332-3156,11736 Lakeland Crossing,F,12
65,Etty Wherry,777-608-3887,61 Northview Circle,F,35
66,Gretna De Hailes,938-992-3638,6800 Del Sol Way,F,5
67,Shem Perott,907-767-1724,5 Glendale Way,M,23
68,Anna-diane Sustins,590-883-0363,92400 Marcy Circle,F,39
69,Fabio Halbert,840-941-0612,7 Monica Lane,M,23
70,Odella Foucard,726-685-2237,40666 Jana Point,F,42
71,Avigdor Gasson,958-405-2810,03 Sommers Way,M,47
72,Scottie Struss,588-613-3149,22 8th Avenue,M,17
73,Adina Lethcoe,712-395-8272,8 Bobwhite Alley,F,3
74,Scarlett Gillmor,327-887-2252,9 Donald Avenue,F,21
75,Jerrome Leer,905-389-7648,6 Sugar Point,M,28
76,Ernest Brookson,397-915-1828,0 Alpine Parkway,M,31
77,Jimmy Hek,664-505-9270,9563 Granby Way,M,47
78,Lura Wrefford,602-759-0983,80667 Veith Crossing,F,49
79,Valentine Sigart,396-498-3463,710 Hoard Terrace,M,30
80,Shirline Milkins,454-259-1438,491 Sachs Place,F,12
81,Elizabeth Burder,604-291-7084,61595 Crest Line Terrace,F,16
82,Phylys Allso,977-500-4664,53 Marcy Plaza,F,16
83,Susette Milton,489-508-6296,514 Northfield Hill,F,25
84,Bernadina Stilwell,554-766-3027,74438 Vidon Road,F,44
85,Herby Adrianello,342-414-3666,39 Wayridge Hill,M,2
86,Bronnie Falk,285-775-6680,858 Steensland Junction,M,27
87,Dorey Coppenhall,769-212-0747,13 Mitchell Hill,F,10
88,Sileas Jimenez,287-616-0947,390 Rockefeller Way,F,30
89,Jorgan Karchewski,267-560-9009,9318 Waywood Plaza,M,42
90,Talbot Deathridge,129-122-8494,33913 Stone Corner Court,M,49
91,Guss Cowgill,131-435-9689,58 Esch Plaza,M,35
92,Tresa Pierton,539-427-8365,48 Quincy Street,F,21
93,Alanna Keaveney,668-752-4662,92107 Crownhardt Trail,F,30
94,Samuel Batterbee,433-821-4379,18646 Grasskamp Alley,M,14
95,Rochella Cuppitt,103-982-3146,8169 Forster Junction,F,21
96,Lanny Snape,892-847-0716,9 Ronald Regan Crossing,M,47
97,Tammara Brendish,696-208-8277,5853 Tony Center,F,12
98,Allard Rattry,324-253-0621,7 Union Trail,M,36
99,Olivia Tarbin,370-511-9455,6 Knutson Lane,F,30
100,Luelle Vizard,601-529-4008,477 Buhler Place,F,37
101,Whittaker McGriffin,925-969-6434,87840 Darwin Road,M,4
102,Consalve Compton,936-881-7729,4169 Maple Wood Court,M,3
103,Meryl Messiter,318-762-0645,7119 Cambridge Alley,M,18
104,Em Bramwich,144-122-1146,013 Scott Way,F,37
105,Leola Divina,146-436-7674,717 1st Pass,F,25
106,Zsazsa Grattage,333-466-2552,76 Independence Parkway,F,19
107,Dennie Zannolli,923-902-4753,0 Sunbrook Plaza,F,41
108,Cash Allward,896-922-6022,34143 Alpine Street,M,11
109,Isador Streater,670-262-5147,94359 Hoffman Drive,M,29
110,Bobbi Fetherstone,240-739-7041,6980 Oxford Point,F,42
111,Phillis Semeradova,713-997-1737,5240 Anzinger Plaza,F,34
112,Gert Cork,176-760-6100,68564 Raven Hill,F,26
113,Ernst Duce,236-817-1906,1 Shasta Alley,M,1
114,Brandais Maxstead,859-993-8218,23 New Castle Circle,F,48
115,Gal Scadden,863-882-6827,48548 Lyons Drive,M,4
116,Pru Crummay,614-776-9065,1 Amoth Terrace,F,4
117,Shelley Pocknell,133-134-9987,4260 Reindahl Plaza,M,34
118,Sigismondo Zaniolini,169-333-9008,1246 Darwin Center,M,15
119,Brody Hughes,229-696-6111,08 Scoville Court,M,39
120,Arty MacPherson,899-970-2745,4 Tomscot Point,M,45
121,Vinson Snartt,718-902-5631,6303 7th Terrace,M,33
122,Klement Donahue,784-867-5484,94 Anhalt Park,M,12
123,Bayard Guiver,998-922-2752,904 Elka Alley,M,35
124,Mandi Wincer,178-216-8174,30126 Chinook Alley,F,13
125,Ardelle Sloegrave,519-671-7596,5352 Green Junction,F,38
126,Bartholomeo Liddel,374-150-5541,7704 Farragut Court,M,14
127,Winonah Rotge,561-625-4761,3 Annamark Way,F,48
128,Cullan Piolli,478-808-0618,1 Manley Center,M,39
129,Madeline Daniell,108-186-4243,3 Granby Pass,F,15
130,Sibley Jarmyn,362-609-3480,20463 Sullivan Center,F,25
131,Bradford Rampage,751-406-2795,031 Erie Circle,M,27
132,Allegra Boobyer,201-843-7478,7 Dwight Junction,F,20
133,Trip McDade,314-104-3965,86544 Hooker Junction,M,40
134,Roxie Giovanni,576-321-4989,23942 Aberg Parkway,F,36
135,Gibb Wyss,717-790-5133,250 La Follette Drive,M,35
136,Wilmette Tellenbrok,611-326-5088,4154 Warrior Place,F,35
137,Caroline Hupka,524-720-1128,88 Holmberg Street,F,6
138,Cristen Gyer,635-630-7642,94 Forster Plaza,F,17
139,Valentin Luciani,452-771-3872,33655 Warner Drive,M,27
140,Sanson Meran,677-698-4613,8 Oakridge Park,M,10
141,Fae Greenhalf,371-434-5451,22007 Ridge Oak Place,F,46
142,Cymbre Labadini,800-652-2988,29638 Cardinal Pass,F,20
143,Kelvin Partridge,725-170-7809,4 Parkside Point,M,38
144,Nicolas Louthe,804-124-2729,53 Mendota Alley,M,34
145,Casey Kienl,341-496-4778,71514 Hooker Trail,M,36
146,Jeromy MacPeice,821-634-6881,7684 Gina Parkway,M,13
147,Cherianne Whiles,506-943-3070,45754 Saint Paul Crossing,F,50
148,Danit Adger,571-951-7203,77830 Corry Alley,F,13
149,Andromache O'Crevan,730-354-3305,21865 Butterfield Street,F,34
150,Homerus Pinnegar,992-229-7851,00340 Pleasure Crossing,M,27
151,Allan Sansum,326-177-0570,5416 Manufacturers Park,M,36
152,Yank Twell,146-644-6562,30668 Merchant Circle,M,26
153,Karim McNamara,519-689-1649,6 Old Gate Crossing,M,35
154,Griz Woehler,517-625-8703,93576 Stang Road,M,9
155,Lemuel Rosel,781-869-5975,25206 Dottie Hill,M,25
156,Lorena Maruszewski,739-665-2031,9 Oakridge Junction,F,41
157,Bail Gabbett,340-833-4637,4273 Manufacturers Street,M,4
158,Anders Kulicke,928-800-0803,1450 Atwood Terrace,M,8
159,Jorey Gerholz,492-721-5399,06141 Troy Point,F,24
160,Antonius Farragher,264-660-2128,239 Sachs Avenue,M,19
161,Judy Dawley,823-150-2543,3499 Upham Pass,F,43
162,Sianna Schuler,143-972-2208,8 Eastwood Terrace,F,45
163,Abby Yanshinov,305-643-1080,0 Continental Crossing,M,22
164,Ceciley Coneron,406-870-1991,93744 Dapin Circle,F,30
165,Marty Imort,290-847-4428,0 Carioca Junction,F,46
166,Guntar Lowdeane,502-257-7124,20819 Rusk Park,M,1
167,Arthur Radbond,901-917-8088,624 Dunning Park,M,7
168,Adrian Morrow,196-232-3544,3841 Sloan Place,M,8
169,Ariel Blanchet,490-565-8820,2 Mayer Way,M,11
170,Chaunce Haslin,952-912-4506,48 Straubel Parkway,M,50
171,Hal O'Lahy,214-992-9962,7 Coleman Place,M,42
172,Diahann Janovsky,162-505-9516,2 Hagan Circle,F,21
173,Diana Goode,225-975-0798,7961 Summerview Drive,F,22
174,Carlyle Pencott,233-192-2852,014 Ridgeview Parkway,M,29
175,Rodie MacUchadair,466-557-0387,93 Mosinee Hill,F,17
176,Joice Paffitt,903-586-1784,6 Sutherland Street,F,34
177,Ardelis Peasby,493-492-1956,6 Brentwood Plaza,F,24
178,Teador Oganesian,496-101-6929,71 Almo Crossing,M,45
179,Norton Baines,866-720-0793,2237 Carpenter Lane,M,25
180,Armando Engel,100-349-3362,5535 Darwin Parkway,M,37
181,Cesar Bottby,668-460-7482,5 Prairie Rose Place,M,32
182,Graeme Willsmore,612-814-2715,65031 Blackbird Plaza,M,26
183,Brody Linster,989-204-2036,97008 Dovetail Hill,M,24
184,Jorie Malam,369-764-6958,1966 Annamark Lane,F,1
185,Rodge Muzzullo,808-394-4577,49 Cardinal Road,M,6
186,Tarah Dwelley,254-815-5136,867 Pine View Plaza,F,38
187,Noam Whitesel,857-951-2148,3173 Anzinger Court,M,39
188,Lindsey Beswick,279-457-5348,96 Talisman Hill,F,33
189,Derrik Tabart,237-254-7484,6919 Redwing Parkway,M,43
190,Julianna Slesser,670-320-4133,936 Glendale Trail,F,29
191,Salli Robathon,485-684-8542,15 Calypso Court,F,20
192,Brandea Ralling,506-946-7372,01233 Sauthoff Point,F,1
193,Kathrine Knutsen,260-562-2601,21326 Mariners Cove Place,F,44
194,Barbe Tedstone,326-507-5862,249 Northridge Road,F,29
195,Cooper Bownas,912-484-2940,140 Texas Terrace,M,25
196,Ezekiel Huortic,380-367-4793,28 Hagan Lane,M,40
197,Kalina Whittick,887-431-2620,592 Dapin Court,F,22
198,Burt Sheehan,285-913-1830,70 Merry Alley,M,50
199,Jory Folkerd,216-561-3604,11496 Arrowood Trail,M,42
200,Alvin Oughton,355-868-9252,459 Westport Parkway,M,44
